day,release,quality_index
1,10.0,75.0
2,11.212962962962964,78.0324074074074
3,10.0,75.0
4,10.0,75.0
5,10.0,75.0
6,25.416666666666668,86.45833333333333
7,18.0,95.0
